1222728626,5465,1583890757.0,"Hi everyone  how are you doing,
INVEST with bitcoin  and earn 100% of your investment contact him ğŸ‘‡ğŸ‘‡ğŸ‘‡ğŸ‘‡ğŸ‘‡ğŸ‘‡
@macaulay_victor
https://t.me/joinchat/AAAAAFgRWoVD1jLs0bhiKA",https://t.me/joinchat/AAAAAFgRWoVD1jLs0bhiKA,Telegram,CRYPTO CURRENCY EXCHANGEğŸ“ŠğŸ“‰,"THE ONLY CHANNEL THAT GIVES YOU ALL YOU NEED.
Services offered
â‡ï¸BEST SIGNALS ğŸ“¡ğŸ“¡
â‡ï¸IQ BINARY 
â‡ï¸BEST PAYOUTS IN DUE TIME ğŸ’°

  
Enquiries about trading Contact
@Macaulay_victor",1.0
1222728626,5464,1583887880.0,Ğ”Ğ°Ñ€Ñ Ğ°ĞºĞ¸ Ğ½Ğ¾Ñ€Ğ´Ğ°,,,,,3.0
